graph_type,vertices,edges,avg_degree,graphem_influence,greedy_influence,random_influence,graphem_time,greedy_time,graphem_norm_influence,greedy_norm_influence,random_norm_influence,graphem_efficiency,greedy_efficiency
Erdős–Rényi,200,977,9.77,0,0,0.0,0.00014400482177734375,5.720995664596558,0.0,0.0,0.0,0.0,0.0
Random Regular,200,400,4.0,0,0,0.0,9.965896606445312e-05,4.89743185043335,0.0,0.0,0.0,0.0,0.0
Watts-Strogatz,200,400,4.0,0,0,0.0,0.00010228157043457031,4.830907106399536,0.0,0.0,0.0,0.0,0.0
Barabási-Albert,200,591,5.91,0,0,0.0,0.000102996826171875,5.179663896560669,0.0,0.0,0.0,0.0,0.0
SBM,200,1110,11.1,0,0,0.0,9.012222290039062e-05,5.902821779251099,0.0,0.0,0.0,0.0,0.0
