graph_type,vertices,edges,avg_degree,graphem_influence,greedy_influence,random_influence,graphem_time,greedy_time,graphem_norm_influence,greedy_norm_influence,random_norm_influence,graphem_efficiency,greedy_efficiency
Erdős–Rényi,200,977,9.77,0,0,0.0,0.00010609626770019531,5.92679500579834,0.0,0.0,0.0,0.0,0.0
Random Regular,200,400,4.0,0,0,0.0,0.00013494491577148438,4.749292850494385,0.0,0.0,0.0,0.0,0.0
Watts-Strogatz,200,400,4.0,0,0,0.0,9.799003601074219e-05,5.364897012710571,0.0,0.0,0.0,0.0,0.0
Barabási-Albert,200,591,5.91,0,0,0.0,0.00021886825561523438,5.178519010543823,0.0,0.0,0.0,0.0,0.0
SBM,200,1110,11.1,0,0,0.0,0.00010800361633300781,5.962265253067017,0.0,0.0,0.0,0.0,0.0
