dataset,original_vertices,original_edges,sampled_vertices,sampled_edges,density,avg_degree,lcc_size,lcc_fraction,layout_time,degree_correlation,betweenness_correlation,eigenvector_correlation,pagerank_correlation
snap-facebook_combined,4039,88234,1000,5345,0.010700700700700701,10.69,448,0.448,4.781669855117798,0.5456849257012166,0.5379515793204425,0.08824583445269744,0.33376457895399736
snap-ca-GrQc,26197,14484,1000,22,4.404404404404405e-05,0.044,3,0.003,7.41589617729187,0.9485011800509802,,0.10669267573263964,0.9487134521523519
snap-ca-HepTh,68746,25973,1000,7,1.4014014014014014e-05,0.014,2,0.002,5.186253786087036,-0.0065363932520729725,,-0.018544925391778898,-0.0065363932520729725
