dataset,original_vertices,original_edges,sampled_vertices,sampled_edges,density,avg_degree,lcc_size,lcc_fraction,layout_time,degree_correlation,betweenness_correlation,eigenvector_correlation,pagerank_correlation
snap-facebook_combined,4039,88234,2000,22405,0.011208104052026014,22.405,1506,0.753,8.171113014221191,,,,
snap-ca-GrQc,26197,14484,2000,65,3.2516258129064535e-05,0.065,9,0.0045,6.602829217910767,0.7815517481723885,0.2625013508724827,0.03512749420267583,0.7816984811145514
snap-ca-HepTh,68746,25973,2000,23,1.1505752876438219e-05,0.023,4,0.002,6.294327974319458,0.48743665882047227,0.17527726350323963,0.025959483639883447,0.487445679334213
